endTime,podcastName,episodeName,msPlayed
2023-12-07 23:39,The Casual Criminalist,Thug Life - The Murder of Tupac Shakur,1193420
2023-12-08 19:34,The Casual Criminalist,Thug Life - The Murder of Tupac Shakur,519058
2023-12-08 19:53,The Casual Criminalist,Thug Life - The Murder of Tupac Shakur,808936
2023-12-08 20:34,The Casual Criminalist,Thug Life - The Murder of Tupac Shakur,597788
2023-12-08 22:47,The Casual Criminalist,Thug Life - The Murder of Tupac Shakur,9473
2023-12-08 23:39,The Casual Criminalist,The Boys on the Tracks: The Killing of Don Henry and Kevin Ives,2896783
2023-12-09 02:53,The Casual Criminalist,The Boys on the Tracks: The Killing of Don Henry and Kevin Ives,249869
2023-12-11 09:37,The Casual Criminalist,The Boys on the Tracks: The Killing of Don Henry and Kevin Ives,293080
2023-12-11 17:19,The Casual Criminalist,The Boys on the Tracks: The Killing of Don Henry and Kevin Ives,2526505
2023-12-11 18:08,The Casual Criminalist,The Boys on the Tracks: The Killing of Don Henry and Kevin Ives,770481
2023-12-11 18:08,SomeOrdinaryPodcast,Dream Keeps Making Things Worse (ft. Kwite) Some Ordinary Podcast¬†#103,14804
2023-12-11 19:44,The Official Podcast,366: Grand Theft Auto 6 Charity Edition,5710842
2023-12-11 19:52,The Official Podcast,366: Grand Theft Auto 6 Charity Edition,299735
2023-12-11 20:48,The Official Podcast,365: Dream's Putting The Mask Back On,2177007
2023-12-11 22:40,The Casual Criminalist,Elizabeth Wettlaufer,0
2023-12-11 23:37,The Official Podcast,365: Dream's Putting The Mask Back On,2721540
2023-12-11 23:41,The Official Podcast,366: Grand Theft Auto 6 Charity Edition,65731
2023-12-16 09:57,SomeOrdinaryPodcast,Pokimane Is Out Of Touch (ft.¬†Chef Brian Tsao) | Some Ordinary Podcast¬†#102,2851111
2023-12-16 11:09,SomeOrdinaryPodcast,Dream Keeps Making Things Worse (ft. Kwite) Some Ordinary Podcast¬†#103,4337296
2023-12-16 12:26,SomeOrdinaryPodcast,The Dream Allegations Are a Mess (ft. Turkey Tom) Some Ordinary Podcast¬†#104,4623791
2023-12-16 13:17,The Casual Criminalist,Elizabeth Wettlaufer,3055307
2023-12-16 13:50,Trash Taste Podcast,Roasting our Trash Taste in FOOD | Trash Taste #182,1942982
2023-12-18 08:44,Sleepy,150 ‚Äì Two Hours of Webster's Dictionary,4530250
2023-12-19 09:30,Sleepy,150 ‚Äì Two Hours of Webster's Dictionary,7390657
2023-12-19 09:44,Sleepy,151 ‚Äì Elder-Tree Mother,838622
2023-12-20 23:03,The Official Podcast,367: The Actual Game of The Year,2251313
2023-12-21 05:09,The Official Podcast,367: The Actual Game of The Year,1550650
2023-12-21 07:04,The Official Podcast,367: The Actual Game of The Year,624380
2023-12-21 08:29,The Official Podcast,362: The Boogie2988 Documentary Special,5076866
2023-12-21 10:05,The Official Podcast,363: The Open Hands Charity Scandal,3510793
2023-12-21 14:05,The Official Podcast,363: The Open Hands Charity Scandal,1904
2023-12-21 15:05,The Official Podcast,362: The Boogie2988 Documentary Special,2706959
2023-12-21 15:06,The Official Podcast,363: The Open Hands Charity Scandal,26411
2023-12-21 15:27,The Official Podcast,363: The Open Hands Charity Scandal,45005
2023-12-21 15:27,The Official Podcast,362: The Boogie2988 Documentary Special,1369
2023-12-21 15:27,The Official Podcast,362: The Boogie2988 Documentary Special,1064687
2023-12-21 15:40,The Official Podcast,363: The Open Hands Charity Scandal,760871
2023-12-23 00:24,The Official Podcast,368: The Greatest Stage Of All,970798
2023-12-23 00:49,The Official Podcast,368: The Greatest Stage Of All,338490
2023-12-25 22:03,The Official Podcast,368: The Greatest Stage Of All,2013280
2023-12-25 22:21,The Official Podcast,368: The Greatest Stage Of All,1110800
2023-12-28 09:14,The Official Podcast,364: Driving Lessons with Mr Sark,528146
2024-01-05 01:34,The Official Podcast,369: It's An Official Christmas,2700166
2024-01-14 21:24,Kill Your Self - Bo Burnham,Kill your self - Bo Burnham,176309
2024-01-15 18:37,The Official Podcast,371: The Epstein List Special | The Official Podcast,1628210
2024-01-15 19:06,The Official Podcast,371: The Epstein List Special | The Official Podcast,1092070
2024-01-16 08:30,Spotify Tips + Tricks,Get to know your daylist,102923
2024-01-16 08:30,Spotify Tips + Tricks,Get started with Audiobooks,12072
2024-01-16 08:31,Spotify Tips + Tricks,Get to know your daylist,58489
2024-01-16 08:34,Spotify Tips + Tricks,Get started with Audiobooks,20688
2024-01-16 08:35,Spotify Tips + Tricks,Get to know your daylist,51610
2024-01-16 08:36,Spotify Tips + Tricks,Get started with Audiobooks,49083
2024-01-16 08:37,Spotify Tips + Tricks,Top tips for maximising your 15 hours of Audiobooks on Spotify,88456
2024-01-26 02:22,The Casual Criminalist,Gypsy Rose Blanchard - Escaping a Life of Abuse,5201158
2024-01-26 11:56,The Casual Criminalist,Gypsy Rose Blanchard - Escaping a Life of Abuse,8120
2024-01-26 11:56,The Casual Criminalist,A Summer of Fear in Phoenix ‚Äì The Baseline Killer and The Serial Shooter,4030
2024-01-26 15:30,The Casual Criminalist,Aileen Wuornos: America's Most Infamous Female Serial Killer,12789733
2024-01-26 16:01,The Casual Criminalist,Mandy Stavik: The Case that took 30 Years to Solve,1900251
2024-01-26 16:30,The Casual Criminalist,"Silent Night, Deadly Night: The Covina Christmas Massacre",1670484
2024-01-27 20:04,The Casual Criminalist,Aileen Wuornos: America's Most Infamous Female Serial Killer,1665010
2024-01-27 22:47,The Casual Criminalist,Aileen Wuornos: America's Most Infamous Female Serial Killer,196390
2024-01-28 03:19,The Casual Criminalist,Aileen Wuornos: America's Most Infamous Female Serial Killer,5360
2024-01-28 04:53,The Casual Criminalist,Aileen Wuornos: America's Most Infamous Female Serial Killer,1895210
2024-01-28 05:46,The Casual Criminalist,Mandy Stavik: The Case that took 30 Years to Solve,55180
2024-01-28 05:51,The Casual Criminalist,Aileen Wuornos: America's Most Infamous Female Serial Killer,293230
2024-01-28 08:57,The Casual Criminalist,Aileen Wuornos: America's Most Infamous Female Serial Killer,14440
2024-01-28 09:56,The Casual Criminalist,Aileen Wuornos: America's Most Infamous Female Serial Killer,2744130
2024-01-29 08:34,The Casual Criminalist,Joseph James DeAngelo: The Golden State Killer,5870
2024-01-29 08:42,Sleepy,150 ‚Äì Two Hours of Webster's Dictionary,456670
2024-01-29 10:07,The Casual Criminalist,Aileen Wuornos: America's Most Infamous Female Serial Killer,4132990
2024-01-29 17:58,The Casual Criminalist,Aileen Wuornos: America's Most Infamous Female Serial Killer,345070
2024-01-29 20:34,The Official Podcast,371: The Epstein List Special | The Official Podcast,320310
2024-01-31 18:00,The Casual Criminalist,The Zodiac Killer,3478469
2024-01-31 23:31,The Casual Criminalist,The Zodiac Killer,1154295
2024-02-01 09:41,The Casual Criminalist,The Zodiac Killer,5383967
2024-02-01 10:15,The Casual Criminalist,Aileen Wuornos: America's Most Infamous Female Serial Killer,2071719
2024-02-01 10:47,The Casual Criminalist,Mandy Stavik: The Case that took 30 Years to Solve,1845211
2024-02-01 10:59,The Casual Criminalist,"Silent Night, Deadly Night: The Covina Christmas Massacre",722410
2024-02-01 12:09,The Casual Criminalist,A Summer of Fear in Phoenix ‚Äì The Baseline Killer and The Serial Shooter,4231601
2024-02-01 13:03,The Casual Criminalist,Karl Karlsen ‚Äì The Unluckiest Man Alive?,3208437
2024-02-01 13:56,The Casual Criminalist,The Murder of Bruiser Brody: A Pro Wrestling Injustice,3182288
2024-02-01 14:39,The Casual Criminalist,Japan‚Äôs Mysterious Soft Drink Poisonings: Deadlier than the Tylenol Murders,2586853
2024-02-01 20:20,The Casual Criminalist,Gypsy Rose Blanchard - Escaping a Life of Abuse,4899517
2024-02-02 00:11,The Casual Criminalist,Luis Garavito: The Most Prolific Serial Killer in History,378840
2024-02-02 00:26,The Casual Criminalist,Killdozer: The Wrath of Marvin Heemeyer,885900
2024-02-02 03:46,The Casual Criminalist,Killdozer: The Wrath of Marvin Heemeyer,18600
2024-02-02 04:37,The Casual Criminalist,Rob Ferrell: The Vampire Clan Murders,6640
2024-02-02 04:37,The Casual Criminalist,Rosemary Ndlovu - Cop turned Serial Killer,1630
2024-02-02 04:37,The Casual Criminalist,Killdozer: The Wrath of Marvin Heemeyer,2971964
2024-02-02 11:29,The Official Podcast,369: It's An Official Christmas,3320
2024-02-02 11:58,The Official Podcast,371: The Epstein List Special | The Official Podcast,1722293
2024-02-02 13:06,The Official Podcast,372: Billy Mitchell's Greatest Victory Yet | The Official Podcast,4126746
2024-02-02 14:26,The Official Podcast,373: Making Pals in Palworld | The Official Podcast,4749818
2024-02-02 15:37,SomeOrdinaryPodcast,Mamamax Keeps Making Things Worse (ft. Nexpo) | Some Ordinary Podcast¬†#111,4250101
2024-02-04 00:20,The Official Podcast,371: The Epstein List Special | The Official Podcast,3018
2024-02-04 01:54,The Official Podcast,372: Billy Mitchell's Greatest Victory Yet | The Official Podcast,3910960
2024-02-06 02:49,The Official Podcast,373: Making Pals in Palworld | The Official Podcast,2620331
2024-02-08 20:50,Kill Your Self - Bo Burnham,Kill your self - Bo Burnham,6385
2024-02-09 09:12,The Official Podcast,373: Making Pals in Palworld | The Official Podcast,2129815
2024-02-09 10:25,The Official Podcast,374: Hubba Hubba Chuggaconroy | The Official Podcast,4418168
2024-02-09 11:31,SomeOrdinaryPodcast,The Chuggaconroy Situation Is Over | Some Ordinary Podcast #112,3915336
2024-02-09 13:47,The Casual Criminalist,"Dean Corll: Candy Man, Pied Piper, Monster",3527670
2024-02-12 07:55,The Official Podcast,369: It's An Official Christmas,3130
2024-02-12 08:03,The Official Podcast,373: Making Pals in Palworld | The Official Podcast,471060
2024-02-12 09:50,The Official Podcast,374: Hubba Hubba Chuggaconroy | The Official Podcast,2442180
2024-02-13 06:25,Slow Dancing In a Burning Room - Ros√© ,Slow Dancing In A Burning Room - Ros√©,14340
2024-02-14 13:40,The Casual Criminalist,"Dean Corll: Candy Man, Pied Piper, Monster",9215841
2024-02-14 20:53,The Casual Criminalist,The Various Crimes of Arsenic Inc.,2444881
2024-02-15 07:40,The Casual Criminalist,The Various Crimes of Arsenic Inc.,417
2024-02-15 07:47,The Casual Criminalist,The Various Crimes of Arsenic Inc.,389816
2024-02-15 07:58,The Casual Criminalist,The Various Crimes of Arsenic Inc.,685470
2024-02-16 03:21,The Casual Criminalist,A Web of Lies: The Investigation That Uncovered a Murderous Obsession,3336757
2024-02-16 03:42,SomeOrdinaryPodcast,The Downfall of the Lolcow Podcast (ft. Keemstar)| Some Ordinary Podcast #113,1247823
2024-02-16 10:44,SomeOrdinaryPodcast,The Downfall of the Lolcow Podcast (ft. Keemstar)| Some Ordinary Podcast #113,7540
2024-02-16 18:59,Kill Your Self - Bo Burnham,Kill your self - Bo Burnham,170309
2024-02-17 08:12,The Official Podcast,374: Hubba Hubba Chuggaconroy | The Official Podcast,45793
2024-02-19 19:51,The Official Podcast,369: It's An Official Christmas,250020
2024-02-21 09:47,The Casual Criminalist,"Dean Corll: Candy Man, Pied Piper, Monster",180
2024-02-21 10:23,The Casual Criminalist,"Dean Corll: Candy Man, Pied Piper, Monster",2125000
2024-02-21 19:18,The Casual Criminalist,How A Daughter Was Tricked Into Killing: The Shocking Story of Linda Bailey Brown,5950850
2024-02-21 22:00,The Casual Criminalist,How A Daughter Was Tricked Into Killing: The Shocking Story of Linda Bailey Brown,5145504
2024-02-21 22:01,SomeOrdinaryPodcast,We Interviewed EDP445‚Äôs Worst Enemy (ft. Alex Rosen) | Some Ordinary Podcast #114,1000
2024-02-21 22:01,The Casual Criminalist,"Dean Corll: Candy Man, Pied Piper, Monster",43885
2024-02-21 22:18,The Official Podcast,375: Taylor Swift's Jet Addiction | The Official Podcast,26650
2024-02-22 08:58,The Official Podcast,375: Taylor Swift's Jet Addiction | The Official Podcast,190450
2024-02-22 08:58,The Official Podcast,375: Taylor Swift's Jet Addiction | The Official Podcast,3566706
2024-02-23 00:04,The Official Podcast,377: Pedro Pascal's Secret Criminal Plans | The Official Podcast,0
2024-02-23 00:04,The Official Podcast,376: Vaush's Unstable Obsession | The Official Podcast,603
2024-02-23 00:22,The Official Podcast,375: Taylor Swift's Jet Addiction | The Official Podcast,1035399
2024-02-23 03:41,The Official Podcast,375: Taylor Swift's Jet Addiction | The Official Podcast,18100
2024-02-25 21:37,The Casual Criminalist,How A Daughter Was Tricked Into Killing: The Shocking Story of Linda Bailey Brown,22590
2024-02-25 22:10,The Casual Criminalist,Elizabeth Wettlaufer,1858280
2024-02-26 18:08,The Casual Criminalist,34 - Jerry Brudos: The Shoe Fetish Slayer,3802671
2024-02-26 18:16,The Casual Criminalist,35 - The Smiley Face Murders,474628
2024-02-28 02:12,The Casual Criminalist,Jim Jones and the Jonestown Massacre,5361367
2024-02-28 08:01,The Casual Criminalist,Jim Jones and the Jonestown Massacre,112440
2024-02-28 09:27,The Casual Criminalist,Jim Jones and the Jonestown Massacre,4989210
2024-02-28 23:36,The Casual Criminalist,Jim Jones and the Jonestown Massacre,1718
2024-02-29 09:04,The Official Podcast,375: Taylor Swift's Jet Addiction | The Official Podcast,8600
2024-02-29 09:04,The Casual Criminalist,Jim Jones and the Jonestown Massacre,5087100
2024-03-03 02:05,Uploading Songs That Aren't On Spotify.,Pop Culture,14380
2024-03-03 04:14,The Casual Criminalist,Stephen Lawrence: The Murder Case That Shook The UK,2078950
2024-03-03 04:42,The Casual Criminalist,Rosemary Ndlovu - Cop turned Serial Killer,1475750
2024-03-03 05:21,The Casual Criminalist,Rosemary Ndlovu - Cop turned Serial Killer,1327970
2024-03-03 05:21,Uploading Songs That Aren't On Spotify.,Pop Culture,8860
2024-03-04 16:49,Sleepy,150 ‚Äì Two Hours of Webster's Dictionary,2572500
2024-03-05 10:09,Sleepy,150 ‚Äì Two Hours of Webster's Dictionary,385520
2024-03-05 20:05,Uploading Songs That Aren't On Spotify.,Pop Culture,201999
2024-03-06 01:04,The Casual Criminalist,The Yorkshire Ripper: Mad Jack‚Äôs Mad Successor,2271329
2024-03-06 01:07,Uploading Songs That Aren't On Spotify.,Pop Culture,201999
2024-03-06 23:54,Kill Your Self - Bo Burnham,Kill your self - Bo Burnham,176309
2024-03-08 05:06,Uploading Songs That Aren't On Spotify.,Pop Culture,201999
2024-03-08 10:41,The Casual Criminalist,The Yorkshire Ripper: Mad Jack‚Äôs Mad Successor,3105515
2024-03-08 10:41,The Casual Criminalist,Jim Jones and the Jonestown Massacre,12669
2024-03-08 19:50,Uploading Songs That Aren't On Spotify.,Pop Culture,201999
2024-03-09 02:01,Uploading Songs That Aren't On Spotify.,Pop Culture,201999
2024-03-09 09:14,Sleepy,150 ‚Äì Two Hours of Webster's Dictionary,28440
2024-03-09 19:13,Uploading Songs That Aren't On Spotify.,Pop Culture,201999
2024-03-12 09:13,Uploading Songs That Aren't On Spotify.,Pop Culture,201999
2024-03-12 19:11,Uploading Songs That Aren't On Spotify.,Pop Culture,201999
2024-03-13 22:22,The Official Podcast,377: Pedro Pascal's Secret Criminal Plans | The Official Podcast,230574
2024-03-14 03:57,The Official Podcast,377: Pedro Pascal's Secret Criminal Plans | The Official Podcast,1597576
2024-03-15 16:02,Uploading Songs That Aren't On Spotify.,Pop Culture,201999
2024-03-17 09:53,Uploading Songs That Aren't On Spotify.,Pop Culture,201999
2024-03-18 02:25,Uploading Songs That Aren't On Spotify.,Pop Culture,85205
2024-03-19 14:46,The Official Podcast,377: Pedro Pascal's Secret Criminal Plans | The Official Podcast,60000
2024-03-19 19:42,The Official Podcast,377: Pedro Pascal's Secret Criminal Plans | The Official Podcast,748530
2024-03-20 02:49,Uploading Songs That Aren't On Spotify.,Pop Culture,116999
2024-03-23 10:27,Uploading Songs That Aren't On Spotify.,Pop Culture,201999
2024-03-23 14:01,The Official Podcast,377: Pedro Pascal's Secret Criminal Plans | The Official Podcast,18930
2024-03-25 00:57,Uploading Songs That Aren't On Spotify.,Pop Culture,201999
2024-03-25 11:15,Sleepy,150 ‚Äì Two Hours of Webster's Dictionary,4114024
2024-03-25 15:03,The Casual Criminalist,Jim Jones and the Jonestown Massacre,143685
2024-03-25 20:10,Uploading Songs That Aren't On Spotify.,Pop Culture,201999
2024-03-25 20:19,Uploading Songs That Aren't On Spotify.,Pop Culture,9914
2024-03-25 21:27,Uploading Songs That Aren't On Spotify.,Pop Culture,3854
2024-03-25 21:29,Uploading Songs That Aren't On Spotify.,Pop Culture,10379
2024-03-26 01:37,The Official Podcast,377: Pedro Pascal's Secret Criminal Plans | The Official Podcast,1344133
2024-03-28 08:36,Sleepy,150 ‚Äì Two Hours of Webster's Dictionary,1012070
2024-03-28 20:55,Sleepy,150 ‚Äì Two Hours of Webster's Dictionary,2150
2024-03-29 12:32,Uploading Songs That Aren't On Spotify.,Pop Culture,17280
2024-03-30 18:38,Uploading Songs That Aren't On Spotify.,Pop Culture,20357
2024-03-31 19:41,Family Guy epic songs,679 Chris Griffin (Extended ft. Stewie Griffin),5781
2024-03-31 19:43,Family Guy epic songs,679 Chris Griffin (Extended ft. Stewie Griffin),123167
2024-03-31 19:43,The Casual Criminalist,The Todt Family Massacre in Walt Disney‚Äôs Real-Life Murder Town,0
2024-04-01 23:28,The Official Podcast,377: Pedro Pascal's Secret Criminal Plans | The Official Podcast,761057
2024-04-02 06:38,The Official Podcast,377: Pedro Pascal's Secret Criminal Plans | The Official Podcast,1770
2024-04-03 11:18,The Official Podcast,377: Pedro Pascal's Secret Criminal Plans | The Official Podcast,1293844
2024-04-03 11:38,The Official Podcast,378: We Went To Taylor Swift's Concert | The Official Podcast,1193055
2024-04-05 05:52,Uploading Songs That Aren't On Spotify.,Pop Culture,201999
2024-04-08 03:51,The Official Podcast,383: Tears in Beards | The Official Podcast,1771944
2024-04-08 21:56,Uploading Songs That Aren't On Spotify.,Pop Culture,1857
2024-04-08 21:56,Uploading Songs That Aren't On Spotify.,Pop Culture,4783
2024-04-09 13:03,The Official Podcast,383: Tears in Beards | The Official Podcast,2648737
2024-04-09 14:30,SomeOrdinaryPodcast,Sneako Just Got Annihilated (ft.¬†Gokanaru) | Some Ordinary Podcast¬†#121,4741787
2024-04-10 08:54,SomeOrdinaryPodcast,Sneako Just Got Annihilated (ft.¬†Gokanaru) | Some Ordinary Podcast¬†#121,59600
2024-04-11 02:37,The Official Podcast,382: Defecating at Casinos | The Official Podcast,1092557
2024-04-11 03:08,The Official Podcast,382: Defecating at Casinos | The Official Podcast,1694816
2024-04-11 06:34,The Official Podcast,382: Defecating at Casinos | The Official Podcast,5224
2024-04-11 17:25,Uploading Songs That Aren't On Spotify.,Pop Culture,198999
2024-04-12 00:22,Uploading Songs That Aren't On Spotify.,Pop Culture,4109
2024-04-12 18:28,Uploading Songs That Aren't On Spotify.,Pop Culture,13908
2024-04-13 11:03,The Official Podcast,382: Defecating at Casinos | The Official Podcast,2662347
2024-04-13 12:18,The Official Podcast,383: Tears in Beards | The Official Podcast,1524182
2024-04-14 14:02,The Official Podcast,383: Tears in Beards | The Official Podcast,8630
2024-04-14 21:44,The Official Podcast,381: BBNO$ Pooped On Stage | The Official Podcast,3956910
2024-04-18 23:08,Uploading Songs That Aren't On Spotify.,Pop Culture,10611
2024-04-19 10:41,Uploading Songs That Aren't On Spotify.,Pop Culture,201999
2024-04-20 08:12,Uploading Songs That Aren't On Spotify.,Pop Culture,201999
2024-04-21 13:26,The Official Podcast,385: Reversing our Ages w/ Oompaville | The Official Podcast,2298020
2024-04-25 07:30,The Official Podcast,385: Reversing our Ages w/ Oompaville | The Official Podcast,3790
2024-04-25 18:25,The Official Podcast,384: The Eclipse | The Official Podcast,911010
2024-05-08 22:35,Trash Taste Podcast,She‚Äôs a Regular Here! (ft. Shibuya Kaho) | Trash Taste #175,5144752
2024-05-09 10:31,Trash Taste Podcast,She‚Äôs a Regular Here! (ft. Shibuya Kaho) | Trash Taste #175,5430
2024-05-10 10:43,Trash Taste Podcast,These YouTubers Are Destroying Japan | Trash Taste #176,810900
2024-05-11 01:41,Trash Taste Podcast,These YouTubers Are Destroying Japan | Trash Taste #176,1098380
2024-05-11 05:05,Kill Your Self - Bo Burnham,Kill your self - Bo Burnham,115263
2024-05-11 05:13,Kill Your Self - Bo Burnham,Kill your self - Bo Burnham,1184
2024-05-13 18:11,Trash Taste Podcast,These YouTubers Are Destroying Japan | Trash Taste #176,843929
2024-05-13 18:12,Trash Taste Podcast,These YouTubers Are Destroying Japan | Trash Taste #176,2624
2024-05-13 18:12,Trash Taste Podcast,She‚Äôs a Regular Here! (ft. Shibuya Kaho) | Trash Taste #175,18041
2024-05-13 20:25,Trash Taste Podcast,She‚Äôs a Regular Here! (ft. Shibuya Kaho) | Trash Taste #175,4440
2024-05-13 20:25,Trash Taste Podcast,She‚Äôs a Regular Here! (ft. Shibuya Kaho) | Trash Taste #175,769771
2024-05-14 01:55,Kill Your Self - Bo Burnham,Kill your self - Bo Burnham,73309
2024-05-14 09:38,Trash Taste Podcast,These YouTubers Are Destroying Japan | Trash Taste #176,181490
2024-05-17 11:15,Trash Taste Podcast,These YouTubers Are Destroying Japan | Trash Taste #176,4966635
2024-05-17 13:05,Trash Taste Podcast,The Biggest Anime Just Ended | Trash Taste #177,6556342
2024-05-17 20:37,Trash Taste Podcast,Our Biggest Dating Red Flags | Trash Taste #178,484172
2024-05-22 00:35,Trash Taste Podcast,The Conspiracy Theory Episode | Trash Taste #180,2403070
2024-05-22 04:13,Trash Taste Podcast,The Conspiracy Theory Episode | Trash Taste #180,2708961
2024-05-22 04:48,Trash Taste Podcast,The Conspiracy Theory Episode | Trash Taste #180,489105
2024-05-23 01:06,Trash Taste Podcast,The Conspiracy Theory Episode | Trash Taste #180,2066
2024-05-23 01:06,Trash Taste Podcast,The Conspiracy Theory Episode | Trash Taste #180,936403
2024-05-26 22:52,Trash Taste Podcast,Should we move to Korea? | Trash Taste #181,100830
2024-05-29 11:56,Trash Taste Podcast,Should we move to Korea? | Trash Taste #181,2706759
2024-06-02 03:00,Trash Taste Podcast,Roasting our Trash Taste in FOOD | Trash Taste #182,0
2024-06-02 03:00,Trash Taste Podcast,Should we move to Korea? | Trash Taste #181,913468
2024-06-02 03:00,Trash Taste Podcast,The Conspiracy Theory Episode | Trash Taste #180,0
2024-06-02 03:40,Trash Taste Podcast,Roasting our Trash Taste in FOOD | Trash Taste #182,0
2024-06-02 03:40,Trash Taste Podcast,Our Favorite Things of 2023 | Trash Taste #183,0
2024-06-02 03:40,Trash Taste Podcast,Should we move to Korea? | Trash Taste #181,2335164
2024-06-02 03:40,Trash Taste Podcast,Should we move to Korea? | Trash Taste #181,6710
2024-06-02 07:38,Trash Taste Podcast,Roasting our Trash Taste in FOOD | Trash Taste #182,1030064
2024-06-02 07:38,Trash Taste Podcast,Roasting our Trash Taste in FOOD | Trash Taste #182,1127776
2024-06-02 10:27,Trash Taste Podcast,Roasting our Trash Taste in FOOD | Trash Taste #182,1095620
2024-06-02 10:38,Trash Taste Podcast,Roasting our Trash Taste in FOOD | Trash Taste #182,678440
2024-06-08 00:20,Trash Taste Podcast,Roasting our Trash Taste in FOOD | Trash Taste #182,2107430
2024-06-08 01:15,Trash Taste Podcast,Our Favorite Things of 2023 | Trash Taste #183,2289407
2024-06-08 22:06,Trash Taste Podcast,Our Favorite Things of 2023 | Trash Taste #183,1295858
2024-06-08 23:25,Trash Taste Podcast,Our Favorite Things of 2023 | Trash Taste #183,4358452
2024-06-09 04:20,Trash Taste Podcast,Trash Taste is changing in 2024... | Trash Taste #184,1646369
2024-06-11 13:59,Trash Taste Podcast,Trash Taste is changing in 2024... | Trash Taste #184,2383740
2024-06-11 14:42,Trash Taste Podcast,Trash Taste is changing in 2024... | Trash Taste #184,1514677
2024-06-11 20:04,Trash Taste Podcast,Trash Taste is changing in 2024... | Trash Taste #184,3044388
2024-06-11 21:59,Trash Taste Podcast,The hardest choices we had to make... | Trash Taste #185,276001
2024-06-11 22:39,Trash Taste Podcast,The hardest choices we had to make... | Trash Taste #185,2326040
2024-06-13 23:31,Trash Taste Podcast,The hardest choices we had to make... | Trash Taste #185,2196770
2024-06-14 01:58,Trash Taste Podcast,The hardest choices we had to make... | Trash Taste #185,1677296
2024-06-14 02:30,Trash Taste Podcast,We rated the Top Ranked Anime's on MAL | Trash Taste #186,282913
2024-06-17 20:46,Trash Taste Podcast,We rated the Top Ranked Anime's on MAL | Trash Taste #186,2919097
2024-06-18 05:04,Trash Taste Podcast,We rated the Top Ranked Anime's on MAL | Trash Taste #186,4018384
2024-06-20 11:53,Trash Taste Podcast,We Roasted Our Friend's Taste in Anime | Trash Taste #187,2690030
2024-06-21 17:05,Trash Taste Podcast,We Roasted Our Friend's Taste in Anime | Trash Taste #187,6704120
2024-06-22 00:48,Sleepy,287 ‚Äì 2 Hours of Jane Austen,3608674
2024-06-23 07:07,The Official Podcast,376: Vaush's Unstable Obsession | The Official Podcast,29122
2024-06-24 01:55,Kill Your Self - Bo Burnham,Kill your self - Bo Burnham,176309
2024-06-24 08:49,Trash Taste Podcast,The Biggest Gaming Controversies | Trash Taste #189,260
2024-06-24 09:35,Trash Taste Podcast,The Biggest Gaming Controversies | Trash Taste #189,19848
2024-06-26 08:48,Trash Taste Podcast,The Biggest Gaming Controversies | Trash Taste #189,1966710
2024-06-26 14:56,Trash Taste Podcast,The Biggest Gaming Controversies | Trash Taste #189,434180
2024-06-27 20:00,Trash Taste Podcast,The Biggest Gaming Controversies | Trash Taste #189,3214445
2024-06-28 03:57,Trash Taste Podcast,We RUINED Our Friendship | Trash Taste #190,4419217
2024-06-28 13:39,Trash Taste Podcast,The Biggest Gaming Controversies | Trash Taste #189,199340
2024-06-30 15:41,Trash Taste Podcast,We Took YOUR AWFUL Advice | Trash Taste #191,0
2024-06-30 16:15,Trash Taste Podcast,We RUINED Our Friendship | Trash Taste #190,2007066
2024-06-30 18:05,Trash Taste Podcast,We Took YOUR AWFUL Advice | Trash Taste #191,1737483
2024-07-01 03:06,Trash Taste Podcast,We Took YOUR AWFUL Advice | Trash Taste #191,762250
2024-07-02 01:42,Trash Taste Podcast,We Took YOUR AWFUL Advice | Trash Taste #191,836530
2024-07-02 03:02,Trash Taste Podcast,We Took YOUR AWFUL Advice | Trash Taste #191,3078478
2024-07-02 04:21,Trash Taste Podcast,We Got REALLY DRUNK Again | Trash Taste #192,1104330
2024-07-04 06:39,Trash Taste Podcast,We Got REALLY DRUNK Again | Trash Taste #192,2739910
2024-07-04 15:25,Trash Taste Podcast,We Got REALLY DRUNK Again | Trash Taste #192,432230
2024-07-04 17:17,Trash Taste Podcast,We Got REALLY DRUNK Again | Trash Taste #192,177310
2024-07-07 11:25,Trash Taste Podcast,We Got REALLY DRUNK Again | Trash Taste #192,711073
2024-07-07 21:28,Trash Taste Podcast,We Got REALLY DRUNK Again | Trash Taste #192,2843376
2024-07-08 05:58,Trash Taste Podcast,We RUINED Our Friendship | Trash Taste #190,0
2024-07-08 05:58,Trash Taste Podcast,We Wasted $1000 in a Japanese Bunny Girl Bar | Trash Taste #193,591833
2024-07-08 18:51,Trash Taste Podcast,We Wasted $1000 in a Japanese Bunny Girl Bar | Trash Taste #193,410
2024-07-08 19:36,Trash Taste Podcast,We Got REALLY DRUNK Again | Trash Taste #192,2673330
2024-07-08 19:37,Trash Taste Podcast,Ranking Our TOP 5 ANIME MOMENTS OF ALL TIME | Trash Taste #194,0
2024-07-08 19:37,Trash Taste Podcast,We Wasted $1000 in a Japanese Bunny Girl Bar | Trash Taste #193,9210
2024-07-09 00:40,Trash Taste Podcast,We Wasted $1000 in a Japanese Bunny Girl Bar | Trash Taste #193,3582400
2024-07-09 01:01,Trash Taste Podcast,We Wasted $1000 in a Japanese Bunny Girl Bar | Trash Taste #193,1208259
2024-07-09 10:44,Trash Taste Podcast,We Wasted $1000 in a Japanese Bunny Girl Bar | Trash Taste #193,1793750
2024-07-09 14:38,Trash Taste Podcast,We Rated the Most Popular Games of All Time | Trash Taste #206,3960119
2024-07-09 15:55,Trash Taste Podcast,We Rated the Most Popular Games of All Time | Trash Taste #206,422683
2024-07-09 16:34,Trash Taste Podcast,We Rated the Most Popular Games of All Time | Trash Taste #206,1726171
2024-07-10 11:22,Trash Taste Podcast,We Rated the Most Popular Games of All Time | Trash Taste #206,3718550
2024-07-10 11:36,Trash Taste Podcast,We Rated the Most Popular Games of All Time | Trash Taste #206,846210
2024-07-10 11:38,Trash Taste Podcast,WE AREN'T SMART ENOUGH FOR ART | Trash Taste #207,130899
2024-07-12 06:35,Trash Taste Podcast,DAD IS BACK! (ft. @Pewdiepie) | Trash Taste #188,1759070
2024-07-13 05:44,Trash Taste Podcast,DAD IS BACK! (ft. @Pewdiepie) | Trash Taste #188,371050
2024-07-13 07:35,Trash Taste Podcast,DAD IS BACK! (ft. @Pewdiepie) | Trash Taste #188,39318
2024-07-13 07:52,Trash Taste Podcast,DAD IS BACK! (ft. @Pewdiepie) | Trash Taste #188,605157
2024-07-13 08:46,Kill Your Self - Bo Burnham,Kill your self - Bo Burnham,176309
2024-07-13 10:29,Trash Taste Podcast,DAD IS BACK! (ft. @Pewdiepie) | Trash Taste #188,295213
2024-07-13 11:50,Trash Taste Podcast,DAD IS BACK! (ft. @Pewdiepie) | Trash Taste #188,2880074
2024-07-14 17:22,Trash Taste Podcast,DAD IS BACK! (ft. @Pewdiepie) | Trash Taste #188,1595064
2024-07-14 17:22,Trash Taste Podcast,The Biggest Gaming Controversies | Trash Taste #189,0
2024-07-14 19:45,Trash Taste Podcast,We RUINED Our Friendship | Trash Taste #190,6189512
2024-07-15 09:07,Trash Taste Podcast,We RUINED Our Friendship | Trash Taste #190,27883
2024-07-15 09:41,Trash Taste Podcast,Ranking Our TOP 5 ANIME MOMENTS OF ALL TIME | Trash Taste #194,15872
2024-07-15 10:05,Trash Taste Podcast,Ranking Our TOP 5 ANIME MOMENTS OF ALL TIME | Trash Taste #194,2715291
2024-07-15 15:09,Trash Taste Podcast,Ranking Our TOP 5 ANIME MOMENTS OF ALL TIME | Trash Taste #194,2338219
2024-07-16 10:38,Trash Taste Podcast,Ranking Our TOP 5 ANIME MOMENTS OF ALL TIME | Trash Taste #194,1602612
2024-07-16 11:11,Trash Taste Podcast,We Wouldn't Be Friends Without Trash Taste | Trash Taste #195,1374257
2024-07-16 19:17,Trash Taste Podcast,We Wouldn't Be Friends Without Trash Taste | Trash Taste #195,873
2024-07-23 07:12,Trash Taste Podcast,We Wouldn't Be Friends Without Trash Taste | Trash Taste #195,13714
2024-07-23 07:52,Trash Taste Podcast,We Watched YOUR ‚Ñå·ªáùî´ùî±·∫±ùî¶ Suggestions and Regret It | Trash Taste #198,1249021
2024-07-23 07:58,Trash Taste Podcast,We Rated the Top Ranked Manga on MAL | Trash Taste #200,6326
2024-07-23 07:58,Trash Taste Podcast,We Watched YOUR ‚Ñå·ªáùî´ùî±·∫±ùî¶ Suggestions and Regret It | Trash Taste #198,3849
2024-07-23 12:53,Trash Taste Podcast,We Watched YOUR ‚Ñå·ªáùî´ùî±·∫±ùî¶ Suggestions and Regret It | Trash Taste #198,4049
2024-07-23 12:53,Trash Taste Podcast,We Watched YOUR ‚Ñå·ªáùî´ùî±·∫±ùî¶ Suggestions and Regret It | Trash Taste #198,3400737
2024-07-23 17:07,Trash Taste Podcast,We Rated the Top Ranked Manga on MAL | Trash Taste #200,19377
2024-07-23 17:07,Trash Taste Podcast,We Rated the Top Ranked Manga on MAL | Trash Taste #200,3569
2024-07-23 17:07,Trash Taste Podcast,We Watched YOUR ‚Ñå·ªáùî´ùî±·∫±ùî¶ Suggestions and Regret It | Trash Taste #198,1916926
2024-07-23 18:55,Trash Taste Podcast,We Rated the Top Ranked Manga on MAL | Trash Taste #200,6480396
2024-07-24 05:31,Trash Taste Podcast,We Wouldn't Be Friends Without Trash Taste | Trash Taste #195,2981140
2024-07-24 16:58,Trash Taste Podcast,We Wouldn't Be Friends Without Trash Taste | Trash Taste #195,614320
2024-07-26 03:11,Trash Taste Podcast,We Wouldn't Be Friends Without Trash Taste | Trash Taste #195,1570232
2024-07-26 23:53,Trash Taste Podcast,Saying Goodbye to a Legend | Trash Taste #196,144700
2024-07-26 23:53,Trash Taste Podcast,Saying Goodbye to a Legend | Trash Taste #196,1005943
2024-07-27 01:13,Trash Taste Podcast,Saying Goodbye to a Legend | Trash Taste #196,2908666
2024-07-27 01:44,Trash Taste Podcast,Saying Goodbye to a Legend | Trash Taste #196,1803701
2024-07-27 01:48,Trash Taste Podcast,We Sat Down with Tokyo's TOP Lolita Model (ft. @rinrindolljapan)   | Trash Taste #197,79411
2024-07-27 07:13,Trash Taste Podcast,Has Trash Taste Changed? | Trash Taste #201,32597
2024-07-27 14:40,Trash Taste Podcast,Has Trash Taste Changed? | Trash Taste #201,7041646
2024-07-27 16:58,Trash Taste Podcast,OUR BOY RAISED 1 MILLION DOLLARS | Trash Taste #202,6633004
2024-07-27 16:59,Trash Taste Podcast,WE GOT DRUNK WITH OUR OWN BEER | Trash Taste #203,1120
2024-07-27 16:59,Trash Taste Podcast,OUR BOY RAISED 1 MILLION DOLLARS | Trash Taste #202,35900
2024-07-27 23:22,Trash Taste Podcast,WE GOT DRUNK WITH OUR OWN BEER | Trash Taste #203,6777231
2024-07-28 00:56,Trash Taste Podcast,The 4th Annual Trash Taste Awards | Trash Taste #204,3044119
2024-07-28 01:53,Trash Taste Podcast,WE GOT DRUNK WITH OUR OWN BEER | Trash Taste #203,405961
2024-07-28 04:12,Trash Taste Podcast,WE GOT DRUNK WITH OUR OWN BEER | Trash Taste #203,1855970
2024-07-28 16:53,Trash Taste Podcast,The 4th Annual Trash Taste Awards | Trash Taste #204,750352
2024-07-28 18:14,Trash Taste Podcast,The 4th Annual Trash Taste Awards | Trash Taste #204,1466132
2024-07-28 20:32,Trash Taste Podcast,WE CAN'T STOP WASTING COMPANY FUNDS | Trash Taste #205,346476
2024-07-28 21:13,Trash Taste Podcast,WE CAN'T STOP WASTING COMPANY FUNDS | Trash Taste #205,2468804
2024-07-29 01:33,Trash Taste Podcast,WE CAN'T STOP WASTING COMPANY FUNDS | Trash Taste #205,4579803
2024-07-29 04:05,Trash Taste Podcast,We Rated the Most Popular Games of All Time | Trash Taste #206,240842
2024-07-29 19:49,Trash Taste Podcast,We Rated the Most Popular Games of All Time | Trash Taste #206,872629
2024-07-31 23:18,Trash Taste Podcast,We Rated the Most Popular Games of All Time | Trash Taste #206,2110148
2024-08-01 00:48,Trash Taste Podcast,We Rated the Most Popular Games of All Time | Trash Taste #206,2377260
2024-08-03 19:50,Trash Taste Podcast,WE AREN'T SMART ENOUGH FOR ART | Trash Taste #207,5729979
2024-08-05 12:26,Trash Taste Podcast,WE GOT DRUNK WITH OUR OWN BEER | Trash Taste #203,0
2024-08-05 12:26,Trash Taste Podcast,OUR BOY RAISED 1 MILLION DOLLARS | Trash Taste #202,0
2024-08-05 12:45,Trash Taste Podcast,WE GOT DRUNK WITH OUR OWN BEER | Trash Taste #203,1182928
2024-08-05 12:57,Trash Taste Podcast,The 4th Annual Trash Taste Awards | Trash Taste #204,716827
2024-08-07 20:21,Trash Taste Podcast,Trash Taste MEME REVIEW | Trash Taste #208,2378180
2024-08-09 15:39,Trash Taste Podcast,Trash Taste MEME REVIEW | Trash Taste #208,4174915
2024-08-09 21:45,Trash Taste Podcast,WE CAN'T DO EXERCISE | Trash Taste #209,3895134
2024-08-11 00:58,Trash Taste Podcast,WE CAN'T DO EXERCISE | Trash Taste #209,2054976
2024-08-11 21:29,Trash Taste Podcast,WE CAN'T DO EXERCISE | Trash Taste #209,1586807
2024-08-17 01:11,Trash Taste Podcast,WE CAN'T DO EXERCISE | Trash Taste #209,2391
2024-08-17 01:11,Trash Taste Podcast,WE CAN'T DO EXERCISE | Trash Taste #209,1377572
2024-08-17 01:36,Trash Taste Podcast,Trash Taste MEME REVIEW | Trash Taste #208,1741
2024-08-17 02:17,Trash Taste Podcast,WE CAN'T DO EXERCISE | Trash Taste #209,2456725
2024-08-17 10:13,Trash Taste Podcast,We FORCED The Boys To Watch This | Trash Taste #210,2255369
2024-08-17 18:20,Trash Taste Podcast,We FORCED The Boys To Watch This | Trash Taste #210,789090
2024-08-18 09:02,Trash Taste Podcast,We FORCED The Boys To Watch This | Trash Taste #210,1839520
2024-08-19 02:17,Trash Taste Podcast,We FORCED The Boys To Watch This | Trash Taste #210,6091134
2024-08-19 21:58,Trash Taste Podcast,We FORCED The Boys To Watch This | Trash Taste #210,270541
2024-08-19 23:20,Trash Taste Podcast,We FORCED The Boys To Watch This | Trash Taste #210,4091671
2024-08-19 23:27,Trash Taste Podcast,THE TRASH TASTE TOURNAMENT ARC | Trash Taste #211,55949
2024-08-20 01:56,Trash Taste Podcast,THE TRASH TASTE TOURNAMENT ARC | Trash Taste #211,1906893
2024-08-22 15:00,Trash Taste Podcast,THE TRASH TASTE TOURNAMENT ARC | Trash Taste #211,1179945
2024-08-22 16:06,Trash Taste Podcast,THE TRASH TASTE TOURNAMENT ARC | Trash Taste #211,3419092
2024-08-23 02:22,Trash Taste Podcast,THE TRASH TASTE TOURNAMENT ARC | Trash Taste #211,889345
2024-08-23 16:16,Trash Taste Podcast,WE CAN'T STOP DRINKING | Trash Taste #212,245866
2024-08-23 16:29,Trash Taste Podcast,WE CAN'T STOP DRINKING | Trash Taste #212,745035
2024-08-23 19:28,Trash Taste Podcast,WE CAN'T STOP DRINKING | Trash Taste #212,5069535
2024-08-24 21:07,Trash Taste Podcast,We Rated the BEST and WORST Things of All Time | Trash Taste #213,3115193
2024-08-26 16:06,Trash Taste Podcast,We Rated the BEST and WORST Things of All Time | Trash Taste #213,455018
2024-08-26 19:25,Trash Taste Podcast,We Rated the BEST and WORST Things of All Time | Trash Taste #213,2097080
2024-08-26 20:02,Trash Taste Podcast,We Rated the BEST and WORST Things of All Time | Trash Taste #213,1908533
2024-08-26 20:04,Trash Taste Podcast,THE RETURN OF LUDWIG (ft. @Ludwig) | Trash Taste #214,76459
2024-08-27 01:16,Trash Taste Podcast,Finding the BEST Era of Anime | Trash Taste #215,492959
2024-08-29 04:50,Trash Taste Podcast,We FORCED The Boys To Watch This | Trash Taste #210,44970
2024-08-29 05:43,Trash Taste Podcast,Finding the BEST Era of Anime | Trash Taste #215,1017706
2024-08-29 06:24,Trash Taste Podcast,Finding the BEST Era of Anime | Trash Taste #215,105409
2024-08-29 18:04,Trash Taste Podcast,Finding the BEST Era of Anime | Trash Taste #215,1317802
2024-08-29 18:04,Trash Taste Podcast,Finding the BEST Era of Anime | Trash Taste #215,3600
2024-08-30 06:22,Trash Taste Podcast,Finding the BEST Era of Anime | Trash Taste #215,1194132
2024-08-30 15:29,Trash Taste Podcast,Finding the BEST Era of Anime | Trash Taste #215,1206
2024-08-30 15:29,Trash Taste Podcast,Finding the BEST Era of Anime | Trash Taste #215,5350
2024-08-30 15:29,Trash Taste Podcast,Finding the BEST Era of Anime | Trash Taste #215,1811
2024-08-30 15:29,Trash Taste Podcast,Finding the BEST Era of Anime | Trash Taste #215,776
2024-08-30 15:30,Trash Taste Podcast,Finding the BEST Era of Anime | Trash Taste #215,28675
2024-08-30 16:06,Trash Taste Podcast,Finding the BEST Era of Anime | Trash Taste #215,1860012
2024-08-30 21:22,Trash Taste Podcast,Finding the BEST Era of Anime | Trash Taste #215,642472
2024-08-30 21:22,Trash Taste Podcast,Our Wildest Anime Expo Stories | Trash Taste #216,2170
2024-08-31 01:02,Trash Taste Podcast,Finding the BEST Era of Anime | Trash Taste #215,341659
2024-08-31 01:07,Trash Taste Podcast,Finding the BEST Era of Anime | Trash Taste #215,286504
2024-08-31 20:19,Trash Taste Podcast,WE DON'T UNDERSTAND THE OLYMPICS | Trash Taste #217,0
2024-08-31 20:19,Trash Taste Podcast,TRASH TASTE FOOD TOURNAMENT | Trash Taste #219,14976
2024-08-31 21:48,Trash Taste Podcast,Our Wildest Anime Expo Stories | Trash Taste #216,5064546
2024-09-09 00:38,Trash Taste Podcast,Our Wildest Anime Expo Stories | Trash Taste #216,1160360
2024-09-09 05:47,Trash Taste Podcast,Our Wildest Anime Expo Stories | Trash Taste #216,620
2024-09-09 06:49,Trash Taste Podcast,WE DON'T UNDERSTAND THE OLYMPICS | Trash Taste #217,470380
2024-09-09 22:17,Trash Taste Podcast,WE DON'T UNDERSTAND THE OLYMPICS | Trash Taste #217,1107410
2024-09-09 23:32,Trash Taste Podcast,WE DON'T UNDERSTAND THE OLYMPICS | Trash Taste #217,1236090
2024-09-10 21:54,Trash Taste Podcast,WE DON'T UNDERSTAND THE OLYMPICS | Trash Taste #217,1637630
2024-09-11 05:59,Trash Taste Podcast,Roasting Our Viewer's Hottest Takes | Trash Taste #218,36100
2024-09-11 18:19,Trash Taste Podcast,WE DON'T UNDERSTAND THE OLYMPICS | Trash Taste #217,293490
2024-09-11 18:28,Trash Taste Podcast,WE DON'T UNDERSTAND THE OLYMPICS | Trash Taste #217,522568
2024-09-14 05:00,Trash Taste Podcast,WE DON'T UNDERSTAND THE OLYMPICS | Trash Taste #217,171530
2024-09-14 05:05,Trash Taste Podcast,WE DON'T UNDERSTAND THE OLYMPICS | Trash Taste #217,326453
2024-09-15 05:54,Trash Taste Podcast,WE DON'T UNDERSTAND THE OLYMPICS | Trash Taste #217,276930
2024-09-19 17:34,Trash Taste Podcast,TRASH TASTE FOOD TOURNAMENT | Trash Taste #219,1703870
2024-09-19 20:40,Trash Taste Podcast,TRASH TASTE FOOD TOURNAMENT | Trash Taste #219,1324750
2024-09-19 20:40,Trash Taste Podcast,SITTING DOWN WITH SIR AFFABLE (ft. @AbroadinJapan) | Trash Taste #220,0
2024-09-19 21:41,Trash Taste Podcast,TRASH TASTE FOOD TOURNAMENT | Trash Taste #219,2730750
2024-09-19 21:51,Trash Taste Podcast,TRASH TASTE FOOD TOURNAMENT | Trash Taste #219,635440
2024-09-23 18:21,üíóüíó,|(YUQI) - 'Radio (Dum-Dum)',14920
2024-09-26 03:24,Trash Taste Podcast,Roasting Our Viewer's Hottest Takes | Trash Taste #218,0
2024-09-26 06:12,Trash Taste Podcast,SITTING DOWN WITH SIR AFFABLE (ft. @AbroadinJapan) | Trash Taste #220,254070
2024-09-28 21:15,Episodios Musicales,YUQI (Ïö∞Í∏∞) Flowers (Miley Cyrus Cover) ,20120
2024-09-29 17:05,Episodios Musicales,YUQI (Ïö∞Í∏∞) Flowers (Miley Cyrus Cover) ,198032
2024-09-29 17:20,Episodios Musicales,YUQI (Ïö∞Í∏∞) Flowers (Miley Cyrus Cover) ,196092
2024-09-30 02:46,Episodios Musicales,YUQI (Ïö∞Í∏∞) Flowers (Miley Cyrus Cover) ,196092
2024-09-30 21:32,Episodios Musicales,YUQI (Ïö∞Í∏∞) Flowers (Miley Cyrus Cover) ,196092
2024-10-01 05:12,Trash Taste Podcast,SITTING DOWN WITH SIR AFFABLE (ft. @AbroadinJapan) | Trash Taste #220,942900
2024-10-01 11:09,Episodios Musicales,YUQI (Ïö∞Í∏∞) Flowers (Miley Cyrus Cover) ,181430
2024-10-02 07:02,Episodios Musicales,YUQI (Ïö∞Í∏∞) Flowers (Miley Cyrus Cover) ,770
2024-10-02 07:02,Episodios Musicales,YUQI (Ïö∞Í∏∞) Flowers (Miley Cyrus Cover) ,850
2024-10-02 07:09,Episodios Musicales,YUQI (Ïö∞Í∏∞) Flowers (Miley Cyrus Cover) ,196092
2024-10-03 19:14,Trash Taste Podcast,Our Friend's Biggest Red Flags | Trash Taste #221,0
2024-10-03 19:14,Trash Taste Podcast,SITTING DOWN WITH SIR AFFABLE (ft. @AbroadinJapan) | Trash Taste #220,2077540
2024-10-03 19:26,Trash Taste Podcast,SITTING DOWN WITH SIR AFFABLE (ft. @AbroadinJapan) | Trash Taste #220,178420
2024-10-07 19:53,Episodios Musicales,YUQI (Ïö∞Í∏∞) Flowers (Miley Cyrus Cover) ,196092
2024-10-08 01:44,Episodios Musicales,YUQI (Ïö∞Í∏∞) Flowers (Miley Cyrus Cover) ,196092
2024-10-10 03:49,Episodios Musicales,YUQI (Ïö∞Í∏∞) Flowers (Miley Cyrus Cover) ,196092
2024-10-11 04:47,Episodios Musicales,YUQI (Ïö∞Í∏∞) Flowers (Miley Cyrus Cover) ,196092
2024-10-12 10:43,Episodios Musicales,YUQI (Ïö∞Í∏∞) Flowers (Miley Cyrus Cover) ,196092
2024-10-12 19:59,Episodios Musicales,YUQI (Ïö∞Í∏∞) Flowers (Miley Cyrus Cover) ,196093
2024-10-14 20:42,Episodios Musicales,YUQI (Ïö∞Í∏∞) Flowers (Miley Cyrus Cover) ,196092
2024-10-15 17:52,Episodios Musicales,YUQI (Ïö∞Í∏∞) Flowers (Miley Cyrus Cover) ,196092
2024-10-17 06:30,Episodios Musicales,YUQI (Ïö∞Í∏∞) Flowers (Miley Cyrus Cover) ,196092
2024-10-18 02:23,Episodios Musicales,YUQI (Ïö∞Í∏∞) Flowers (Miley Cyrus Cover) ,196093
2024-10-19 16:29,Episodios Musicales,YUQI (Ïö∞Í∏∞) Flowers (Miley Cyrus Cover) ,196092
2024-10-20 09:43,Episodios Musicales,YUQI (Ïö∞Í∏∞) Flowers (Miley Cyrus Cover) ,196092
2024-10-21 01:31,Episodios Musicales,YUQI (Ïö∞Í∏∞) Flowers (Miley Cyrus Cover) ,141781
2024-10-21 19:04,The Casual Criminalist,Chandler Halderson: How Snapchat Caught a Killer,2384870
2024-10-21 20:44,Episodios Musicales,YUQI (Ïö∞Í∏∞) Flowers (Miley Cyrus Cover) ,19412
2024-10-21 23:27,The Casual Criminalist,Chandler Halderson: How Snapchat Caught a Killer,4237818
2024-10-22 01:22,The Casual Criminalist,The Doodler: The Gay Community's Unsolved Nightmare,2266022
2024-10-22 02:16,The Casual Criminalist,The World's Youngest Serial Killer,1510850
2024-10-22 03:03,The Casual Criminalist,The World's Youngest Serial Killer,540370
2024-10-22 03:04,The Casual Criminalist,The World's Youngest Serial Killer,10070
2024-10-22 03:45,The Casual Criminalist,The Great Train Robbery,2473160
2024-10-22 05:49,The Casual Criminalist,The Great Train Robbery,236620
2024-10-22 06:01,Episodios Musicales,YUQI (Ïö∞Í∏∞) Flowers (Miley Cyrus Cover) ,5351
2024-10-23 22:35,The Casual Criminalist,The Great Train Robbery,3292541
2024-10-24 06:48,The Casual Criminalist,The Great Train Robbery,561890
2024-10-27 04:41,Episodios Musicales,YUQI (Ïö∞Í∏∞) Flowers (Miley Cyrus Cover) ,196092
2024-10-27 23:56,Episodios Musicales,YUQI (Ïö∞Í∏∞) Flowers (Miley Cyrus Cover) ,196092
2024-10-28 22:57,Episodios Musicales,YUQI (Ïö∞Í∏∞) Flowers (Miley Cyrus Cover) ,196092
2024-10-29 17:10,Episodios Musicales,YUQI (Ïö∞Í∏∞) Flowers (Miley Cyrus Cover) ,196092
2024-10-30 05:54,The Casual Criminalist,The Great Train Robbery,14800
2024-10-31 00:03,Episodios Musicales,YUQI (Ïö∞Í∏∞) Flowers (Miley Cyrus Cover) ,196092
2024-10-31 03:25,The Casual Criminalist,The Great Train Robbery,3539395
2024-11-02 18:00,Episodios Musicales,YUQI (Ïö∞Í∏∞) Flowers (Miley Cyrus Cover) ,7848
2024-11-04 00:04,Episodios Musicales,YUQI (Ïö∞Í∏∞) Flowers (Miley Cyrus Cover) ,196092
2024-11-04 03:00,Episodios Musicales,YUQI (Ïö∞Í∏∞) Flowers (Miley Cyrus Cover) ,12519
2024-11-09 01:19,Episodios Musicales,YUQI (Ïö∞Í∏∞) Flowers (Miley Cyrus Cover) ,196092
2024-11-10 17:26,Episodios Musicales,YUQI (Ïö∞Í∏∞) Flowers (Miley Cyrus Cover) ,20989
2024-11-23 21:59,Episodios Musicales,YUQI (Ïö∞Í∏∞) Flowers (Miley Cyrus Cover) ,191092
2024-11-24 21:51,Episodios Musicales,YUQI (Ïö∞Í∏∞) Flowers (Miley Cyrus Cover) ,98410
2024-11-25 14:04,Episodios Musicales,YUQI (Ïö∞Í∏∞) Flowers (Miley Cyrus Cover) ,107092
2024-11-29 11:12,Episodios Musicales,YUQI (Ïö∞Í∏∞) Flowers (Miley Cyrus Cover) ,196092
2024-11-29 22:31,Kill Your Self - Bo Burnham,Kill your self - Bo Burnham,176309
2024-12-04 16:06,Episodios Musicales,YUQI (Ïö∞Í∏∞) Flowers (Miley Cyrus Cover) ,196092
2024-12-05 01:47,Kill Your Self - Bo Burnham,Kill your self - Bo Burnham,176309
